"Key","Value"
"Name :","Danube Capitals Test Tour #1110"
"External name :","EETSAT231"
"Overview :","Six days through Vienna, Salzburg and Budapest for testing."
"Remark :","Test data created for QA."
"Pax :","24"
"Pax Free:","2"
"Country Begin:","Austria"
"City Begin:","Vienna"
"Country End:","Hungary"
"City End:","Budapest"
"Dep Date :","2026-11-10"
"Ret Date :","2026-11-15"
"Invoice :",""
"G\A :",""
"Status :","Go Ahead"
"Total amount :","28800"
"Price per Person :","1200"
"Rooms Hotel :","SIN - 4 DOU - 10 "
"Assigned user :","Admin Ying Wu"
"Responsible User:","Admin"
